Video,Detailed Analysis,Summary_Caption,Frame 1 Assets,Frame 2 Assets,Frame 3 Assets
Close-up shot of insulators in substation.mp4,"The image shows a large electrical substation with several large cylindrical insulators mounted on metal frameworks. The insulators are arranged in rows and appear to be connected to wires extending from the structure. The substation is mounted on a metal framework with visible support beams and cables. Above the substation, a utility tower is visible, with horizontal metal bars and cables extending from it. In the foreground, a small section of blue fabric is visible, possibly a tarp or part of a barrier. The sky is overcast and gray, with no people visible in the image. The overall scene is industrial and functional, typical of a power distribution facility. The image shows a large electrical substation with several large cylindrical insulators mounted on a metal framework. The insulators are arranged vertically and appear to be connected to wires extending from the structure. The substation is elevated on metal supports, with various cables and wires visible. The sky is overcast and gray, suggesting cloudy weather. No people are visible in the image. The surrounding environment includes metal support structures, power lines, and electrical components. No cell towers, battery banks, or specific tools are visible. The image shows a large industrial power plant with multiple large generators and transformers mounted on metal frameworks. The generators are cylindrical with coiled metal straps around their tops. The transformers are tall and cylindrical with coiled metal straps around their tops. The structure includes metal frameworks, electrical cables, and support beams. A metal platform with a safety mesh railing surrounds the generators. The sky is overcast and gray, with visible power lines and utility poles in the background. The overall setting appears to be a modern industrial facility, likely in a suburban or industrial area.","An electrical substation featuring large cylindrical insulators, overhead transmission towers with cables, a metal platform housing a transformer box, and safety netting, all under an overcast sky.","The image shows a large electrical substation with numerous cylindrical insulators, overhead transmission lines, a metal platform structure, a control box, and various cables and wiring.","The image shows an electrical substation with transformers, overhead power lines, metal support structures, a metal platform with a safety enclosure, and various cables and wires.","The main objects visible are a transformer with multiple cylindrical insulators, a metal platform or structure supporting the transformer, overhead power lines, a metal framework, safety netting, and a utility box."
Drone footage of cell tower at sunset.mp4,"The image shows a tall cell tower with multiple antennas and dishes, situated in a rural landscape. The sun is setting, casting a warm golden light over the scene. The surrounding area includes agricultural fields with varying shades of green and brown, trees scattered across the landscape, and distant hills or mountains in the background. The sky is mostly clear with some clouds near the horizon. No people are visible in the image. The image does not show any people in the frame. It depicts a telecommunications tower with antennas and cables extending upward, silhouetted against a sunset sky. The surrounding landscape includes grassy fields, trees, and distant hills. No visible infrastructure like generators, power plants, or utility towers is present. The sky is mostly clear with yellow and orange hues from the setting sun. No tools or equipment are visible in the image. The image does not show any people in the frame. It depicts a telecommunications tower with multiple antennas and dishes, silhouetted against a sunset sky. The surrounding landscape includes grassy fields, scattered trees, and distant hills. No infrastructure like generators, power plants, or utility towers is visible. The weather appears hazy, with warm sunlight illuminating the scene. No electrical components or batteries are discernible.","An aerial view shows a telecommunications tower with multiple antennas, situated in a rural landscape during sunset, with fields and distant hills in the background.","A telecommunications tower with multiple antennas stands amidst agricultural fields at sunset, with distant hills and a hazy sky in the background.","A telecommunications tower with multiple antennas stands amidst agricultural fields at sunset, with rolling hills and a hazy horizon in the background.","A telecommunications tower with multiple antennas stands in the foreground, with fields and distant hills in the background under a sunset sky."
Electricians working at substation.mp4,"The image shows an aerial view of a large electrical substation. A worker in a safety helmet and dark clothing is visible on a metal framework structure, appearing to be performing maintenance or inspection. The worker is holding onto a metal support beam. Multiple tall, dark cylindrical structures with insulators and wires are visible throughout the scene, indicative of a power distribution network. The ground is covered with gravel and concrete walkways. Beyond the substation, a flat, grassy field stretches into the distance under a cloudy sky. In the foreground, a yellow box is visible on the ground near the lower right corner. The overall setting suggests a utility or industrial environment. The image shows three workers in safety harnesses and hard hats performing maintenance on a metal framework structure. The worker on the left wears a yellow hard hat and a dark jacket. The central worker also wears a yellow hard hat and a dark jacket. The worker on the right wears a yellow hard hat and a dark jacket. All three workers are wearing safety harnesses and are positioned on elevated metal platforms. The structure includes tall, dark brown cylindrical insulators and connecting wires. In the background, a white fence separates the site from a grassy field with scattered trees and a distant industrial area. The ground surface is composed of gravel and concrete. The weather appears overcast, with no visible precipitation or strong shadows. The image shows two workers in safety harnesses and hard hats atop a metal framework structure. They are wearing high-visibility yellow-orange safety vests and helmets. The structure consists of tall, slender, reddish-brown cylindrical insulators connected by metal beams and crossbars. Power lines run along the structure. In the background, a dry, grassy field stretches out under a pale sky. Beyond the field, a white fence and distant buildings are visible. The ground is covered with gravel or crushed stone. The scene is outdoors in daylight, with clear weather.","Two workers in safety harnesses are performing maintenance on electrical insulators and transmission towers within a substation, with overhead power lines and surrounding infrastructure visible.","A worker in a safety harness is performing maintenance on a metal substation structure, surrounded by overhead power lines, transformers, and other electrical infrastructure.","Workers in safety harnesses are performing maintenance or inspection on a metal substation structure, surrounded by transformers, power lines, and fencing.","Two workers in safety harnesses are performing maintenance on a metal framework structure at a substation, with transformers, overhead lines, and a fenced area visible in the background."
Equipment maintenance by Technician.mp4,"The image shows a person wearing a gray polo shirt with dark gray straps, leaning over a green industrial machine. The machine has several red and white labels, including “MPV,” “Sensor,” and “Valve,” along with various valves and gauges. The person’s right hand holds a small blue cylindrical object, possibly a tool or sensor probe. The machine is mounted on a metal frame with visible bolts and rails. The background is plain and nondescript, with no visible infrastructure, utility structures, or weather conditions. The setting appears to be an industrial or laboratory environment. The image shows a man wearing a gray short-sleeved polo shirt with a small patch on the left sleeve. He appears to be working on a green industrial machine with several buttons labeled “MPV,” “SENSOR,” “VALVE,” and “2 VALVE.” He is using a blue tool, likely a screwdriver or similar instrument, to interact with the machine’s components. The machine is positioned against a wall, and part of a metal framework is visible above it. The background includes a digital display screen showing text and numerical data, but no visible infrastructure like generators, power plants, or utility towers. The setting appears to be an indoor industrial or laboratory environment. The image shows a man in a gray polo shirt working on a green industrial machine. He is focused on the machine's controls and appears to be adjusting or inspecting it. He is holding a blue tool, likely a screwdriver or similar instrument. The machine has several illuminated panels displaying various settings and indicators. The background includes a metal framework and part of a computer screen displaying text and graphics. The environment is indoors, likely a workshop or factory setting, with no visible natural light or outdoor elements. The man is positioned to the left of the machine, leaning forward to interact with it. The machine appears to be some type of industrial control unit, possibly for gas flow or fluid management, given the visible valves and connections.",A person in a gray shirt uses a blue tool to work on a green industrial machine with valves and gauges; part of a computer screen displaying data is also visible.,"A person in a gray shirt is working on a green machine with red labels and gauges, using a blue tool.","A man in a gray shirt is working on a green industrial machine with hoses and valves, using a blue tool.","A person in a gray shirt uses a blue tool to work on a green industrial machine with valves and gauges, while a computer screen displays data to the right."
Industrial equipment.mp4,"The image does not depict any people or infrastructure like generators, power plants, utility towers, cell towers, battery banks, or electrical components. The image shows a blurred industrial setting with metal structures and machinery, but no visible human presence or specific equipment related to power generation or utility infrastructure. The image does not depict any people or infrastructure like generators, power plants, utility towers, cell towers, battery banks, or electrical components. It shows a blurred industrial setting with a metal framework, machinery, and lighting fixtures. No individuals are visible, and no specific tools or equipment are identifiable. The image does not depict any people or infrastructure like generators, power plants, utility towers, cell towers, battery banks, or electrical components. The image shows a blurred industrial setting with metal structures, wiring, and cables, but no visible human presence or specific equipment.","The image shows a manufacturing or assembly line where robotic arms are positioned above a conveyor belt, with various components and infrastructure elements like metal framework, wiring, and lighting fixtures visible in the background.","The image shows a metal conveyor belt system with sensors, lights, and a blurred blue object in the background, with blurred figures likely operating the machinery.","The image shows a metal conveyor belt system with cylindrical objects moving along it, a gray metal structure above it, and a blurred background suggesting an industrial setting.","The image shows a robotic assembly line with metal framework, blue cables, and red indicator lights, with blurred background suggesting a factory or industrial setting."
Men working on electrical grids.mp4,"Two workers in safety harnesses and hard hats are positioned high on a tall metal utility tower against a clear blue sky. They are wearing dark clothing and appear to be performing maintenance or inspection tasks. The tower has a lattice structure with horizontal and diagonal supports, and several thick cables or wires extend from it. One worker is near the top, appearing to work on a horizontal cable, while the other is lower down, handling a vertical cable. The scene is outdoors, with no visible ground or surrounding structures. The sky is cloudless and uniformly blue, indicating daytime conditions. The image shows two workers in safety harnesses atop a tall metal utility tower against a clear blue sky. Both are wearing hard hats with orange visors, red safety harnesses, and yellow work boots. One worker is positioned higher on the tower, appearing to work on electrical wires, while the other is lower, engaged in a task on the tower’s lattice structure. The tower’s framework includes horizontal and diagonal metal beams and cables. Red cables are visible running vertically along the tower’s structure. The scene is outdoors, with no visible ground or surrounding vegetation. The sky is cloudless and uniformly blue, indicating daytime conditions. The image shows two workers suspended high above a utility tower against a clear blue sky. Both are wearing safety harnesses and bright orange hard hats. One worker is positioned higher on the tower, appearing to be inspecting or performing maintenance on the metal framework, while the other worker is lower down, engaged in a task. The tower is gray and made of metal, with various wires and cables extending from it. No generators, power plants, or cell towers are visible in the image. The surrounding environment is open and industrial, with no visible buildings or natural features. The weather is sunny and clear, with no clouds or precipitation.","Two workers in safety harnesses and hard hats are performing maintenance or inspection on a tall metal utility tower against a clear blue sky, with overhead power lines visible.","Two workers in safety harnesses are climbing a tall metal utility tower against a clear blue sky, with power lines visible below.","Two workers in safety harnesses are climbing a metal utility tower against a clear blue sky, with power lines visible below.","Two workers in safety harnesses are climbing a tall metal utility tower against a clear blue sky, with power lines visible below."
Technician working on battery installation at a power plant site.mp4,"A person wearing a black head covering, gray long-sleeve shirt, and gray pants is crouching beside a black metal utility cabinet containing electrical components. They are holding a black cordless drill in their right hand and appear to be working on the cabinet. The cabinet is mounted on a light yellow wall above a concrete ledge. A white electrical box is mounted on the cabinet’s upper left side. Behind the cabinet are black metal shelves holding various electrical equipment, including what appear to be battery banks labeled “NEW BATTERY”. The ground is concrete, and the weather appears overcast, with no visible rain or strong sunlight. The person’s face is partially obscured by the head covering. A person wearing a gray long-sleeve shirt, dark gray pants with white reflective stripes, a black head covering, and a black face mask is crouching beside a black generator unit. The unit has a white rectangular box mounted on its side and several black cables connected to it. Next to the person, a white helmet rests on the ground. The surrounding area appears to be a utility or electrical workspace, with a light-colored wall in the background and a yellow-painted surface visible at the bottom of the frame. The weather is bright and sunny, with no visible rain or clouds. A person wearing a light gray long-sleeve shirt, dark gray pants, a black head covering, and brown work boots is working on a black metal utility frame. The frame contains various electrical components including a white rectangular box mounted on a black metal base with visible wiring and pipes. The person is using a power tool, likely a drill or screwdriver, to interact with the frame. The frame is positioned on a light-colored wooden platform or workbench. In the background, a white wall is visible, and to the left, a white helmet rests on the ground. The surrounding area appears to be an outdoor or industrial workspace, with no visible weather conditions or natural elements.","A person wearing a head covering uses a power tool to work on a black metal framework containing electrical equipment and cables, positioned on a raised platform against a light-colored wall.","A person wearing a head covering and gray work clothes is crouching beside a black metal rack holding electrical components, working on a white electrical box mounted on a wall.","A person wearing a gray shirt, black head covering, and gray pants is kneeling beside a black metal rack holding electrical equipment, a white box, and cables, with a helmet and handheld device nearby.","A person wearing a head covering and long-sleeved shirt uses a power drill to work on a black metal framework containing electrical components, with a helmet nearby."
Telecom antenna.mp4,"The image shows an aerial view of a rural landscape with agricultural fields, a road, a utility tower, and a cell tower in the foreground. The foreground tower has antennas and cables extending vertically. The surrounding area includes green fields with visible tracks from agricultural machinery or vehicles. In the background, a small village with houses and trees is visible under a clear sky. The terrain is flat and agricultural, with no visible infrastructure like power lines or buildings. The weather is sunny, with no clouds or precipitation visible. The image shows an aerial view of a rural landscape with green fields, a road, and a tall metal cell tower. The tower has a rectangular base and vertical cables extending upward. There are no visible people in the image. The surrounding area includes grassy fields, some trees, and a paved road. There are no visible generators, power plants, or utility towers. The sky is clear, and the terrain is relatively flat, with no visible battery banks or electrical components. The overall scene is rural and agricultural. The image shows an aerial view of a highway intersection surrounded by green fields. A tall metal cell tower stands prominently near the center of the frame, with a small white vehicle visible nearby. The surrounding area includes residential buildings, agricultural fields, and forested areas. The sky is clear, with no visible clouds or precipitation. The terrain is relatively flat, with gentle slopes and vegetation. No people are visible in the frame.","An aerial view shows a telecommunications tower with antennas and dishes, adjacent to agricultural fields with visible tracks, alongside a road and residential areas in the background.","An aerial view shows a telecommunications tower, roads, fields, a village, and forested areas.","An aerial view shows a cell tower, a multi-lane highway, agricultural fields, a dirt road, and a few vehicles.","An aerial view shows a telecommunications tower, a multi-lane highway, a bridge, agricultural fields, residential areas, and vehicles."
Tilt shot of a solar panel below a light tower.mp4,"The image does not show any people. It depicts a solar panel array with a tall pole and cables extending from it. There are no visible generators, power plants, utility towers, cell towers, or battery banks. The surrounding environment appears to be a desert or arid landscape with sparse vegetation and a clear blue sky. No infrastructure or equipment is visible besides the solar panels and supporting structure. No tools or equipment are visible in the image. The image does not depict any people or infrastructure like generators, power plants, or cell towers. It shows a tall, thin metal pole with a coiled cable against a clear blue sky. No tools, equipment, or infrastructure are visible in the image. The image does not show any people. It depicts a tall metal light tower against a clear blue sky, with no visible infrastructure, tools, or equipment apart from the tower itself. The surrounding environment is entirely natural and open, with no structures, buildings, or human-made objects present.","A tall antenna tower stands against a clear blue sky, with a small light pole visible below it and a portion of a roof or awning in the foreground.","A solar panel array mounted on a metal frame, a tall pole with a coiled cable, a tire on a stand, a light pole in the background, and a desert landscape with sparse vegetation and distant hills.","A tall antenna pole with a coiled cable, a light pole, and a portion of a roof are visible against a clear blue sky.",A tall metal light tower with floodlights mounted on multiple arms stands against a clear blue sky.
Transformers at the electrical substation.mp4,"The image shows an industrial power substation with several large metal poles and transformers. The central structure has multiple large cylindrical insulators and cables, with thick rubber or plastic insulators visible at the top. Power lines and supporting structures extend across the scene. The ground is covered with gravel and rocks. In the background, utility poles and towers are visible under a cloudy sky. A blue tarp or covering is partially visible on the right side of the image. The overall setting suggests a functional electrical substation in a relatively open area. The image shows an outdoor electrical substation with multiple large metal poles supporting various components, including transformers, cables, and insulators. The poles are arranged in rows, with some poles supporting generators and transmission lines. The substation is situated on gravel and dirt, with overhead wires and poles extending into the distance. The sky is cloudy, suggesting overcast weather. Blue tarps are visible on parts of the substation, likely for protection or maintenance. No people are visible in the image. The image shows an industrial setting with several large electrical transformers and transmission towers. The foreground features two prominent gray metal poles with circular insulators and thick cables extending from them. One pole has a circular gauge with a black background and white markings, while the other has a circular gauge with a green background and white markings. Behind these poles are numerous other metal structures, including towers and support frameworks. The ground is covered with gravel and concrete bases. In the background, a blue tarp is visible, possibly covering equipment or covering part of a structure. The sky is overcast with gray clouds. The overall scene suggests a utility or power generation site, with heavy electrical infrastructure.","The image shows an electrical substation with overhead power transmission towers, transformers, insulators, cables, and supporting structures under a cloudy sky.","The image shows large metal substation equipment including transformers, cables, and supporting structures, with overhead wires and poles, under a cloudy sky.","The image shows an electrical substation with transformers, overhead lines, support structures, grounding equipment, and cables under a cloudy sky.","The image shows an electrical substation with overhead power lines, transformers, insulators, metal structures, grounding equipment, cables, poles, gravel, and blue tarps."
